,Text
0,hilft ja trotzdem ärmel friere facewithtearsofjoyja elon kaputt…
1,„boring as fuck“ elon musk lehnt einladung davos ab via musk d…
2,tesla elon musk 776 millionen dollar ausbau gigafabrik texas investieren
3,sucht eigentlich disruptor elon musk deutschland warum sc…
4,rapper hirez bringt perfekt punktokhandlightskintonetwitter bevor elon musk übernahm
5,182 milliarden dollar lost elon musk landet guinness buch rekorde
6,facewithtearsofjoyfacewithtearsofjoyfacewithtearsofjoy insta b down chlra hai tbhi toh zukerberg and elon bewafa h
7,wennmananderwahrheitnichtvorbeikommt rightarrow mastodon mainstreamblase fängt platzen eyescometund twitter twitt…
8,elon musk feuerte gesamte team twitter brasilienbrazil einschließlich moderation inhalten zuständig…
9,wissen tief twidda elon n stock allerwertesten
10,personalisierte werbung gesponserte accounts gewinnt führung elon musk offensichtlich an…
11,vertrauensarbeitszeit eigentlich vornherein klar darüber braucht neu denken hat…
12,oh zwei sterne weggemacht direkt startseite gemacht smart move elon
13,kauf einfach reddit elon musk fresse
14,elon musk umfrage twitterceo abtreten nachfolger findet socialmedia…
15,elon musk umfrage twitterceo abtreten nachfolger findet socialmedia…
16,elon musk umfrage twitterceo abtreten nachfolger findet socialmedia fun twitter
17,elon twitter gemacht
18,rapper hirez bringt perfekt punktokhandlightskintonetwitter bevor elon musk übernahm
19,wahrheit unzerstörbare pflanze felsen vergrabensie stößt trotzdem e…
20,elon musk twitter lockert werbeverbot politische inhalte faz frankfurter allgemeine zeitung…
21,enthüllung resultiert geheimen twitterakten neue eigentümer elon musk veröffentlichte der…
22,wieso twitter emojis hässlich orrrr elon
23,halt fresse geh papa merz stiefel lecken ekelhafte gestaltsowas brauch…
24,ces 2023 las vegas erleben besucher tunnelvision elon musk handelsblatt via
25,wieso berufsschule dachte harvard
26,erwarten medienhype musk
27,elon musk tesla dauerwerbesendungsprecher krampf irgendwas leute br…
28,rapper hirez bringt perfekt punktokhandlightskintonetwitter bevor elon musk übernahm
29,erst account durchziehen angst elon dauerhafter sperre gehabt
30,snowflakemusk elon musk überraschungsauftritt san francisco tausenden ausgebuhtaccount video vorf…
31,zitat steinhöfelelon musk sei dank kommt licht dunkel politik großindustrie soziale medien betreiben digital…
32,elonmusk nennt wef boring as fck entwaffnende offenheit autisten tut manchmal echt gut auch…
33,gebannt elon
34,rapper hirez bringt perfekt punktokhandlightskintonetwitter bevor elon musk übernahm
35,elon musk trauenplaybuttonelonmusk desinformation dsa twitter transitionnews https…
36,„boring as fuck“ fbidirektor ceos amazon blackrock pfizer sowie mitglieder gates foundat…
37,zitat steinhöfelelon musk sei dank kommt licht dunkel politik großindustrie soziale medien betreiben digital…
38,hm mastodon wohl wahre dauerempörten elonmusk lacht kaputt
39,wahrheit unzerstörbare pflanze felsen vergrabensie stößt trotzdem w…
40,jaja nein nazis nein faschisten bitte twitteraccount wegnehmen n kleiner onlinespaziergang el…
41,elon musk arbeitet schon daran mars exportieren facewithtearsofjoy
42,twitter akten bildwas führung elon musk vorschein gekommen sensati…
43,freiheitskämpfern tesla gibt art geheimdienst whistleblower deutsc…
44,jaja nein nazis nein faschisten bitte twitteraccount wegnehmen n kleiner onlinespaziergan…
45,twitter akten bildwas führung elon musk vorschein gekommen sensati…
46,linke verlassen pornoplattform mastodon twitter mastodon
47,elon musks opa kommt lützerath achso
48,elon musks kahlschlag twitters abfindungsangebote landen spamordner via
49,freiheitskämpfern tesla gibt art geheimdienst whistleblower deutsc…
50,freiheitskämpfern tesla gibt art geheimdienst whistleblower deutsc…
51,guten morgen hübschen redheartkaum elon musk twitter übernommen gibt luftballons mehr twitterpro…
52,warte elon
53,rapper hirez bringt perfekt punktokhandlightskintonetwitter bevor elon musk übernahm
54,zitat steinhöfelelon musk sei dank kommt licht dunkel politik großindustrie soziale medien betreiben…
55,bleiben locker verhandele elon wegen zwillingsbruders
56,wirft derzeitiger intimfeind elon rettungsanker schon nutzen ihnklärensie…
57,schon alleine elon musks twitter benutzt sagt allesdu hast verstanden
58,dank elon musik mann olle opa kowalski lebenslang gesperrt
59,erklärt zumindest wieso aktuelle elon musk menschen respektvolles diskrimini…
60,elon musk hats ja wohl persönlich abgesehen shadowban sohab mit…
61,snowflakemusk elon musk überraschungsauftritt san francisco tausenden ausgebuhtaccount vide…
62,uebersterblichkeit usa strippenzieher plandemie dr fauci schon fernsehen neuer „dr m…
63,ungut sollten sowas intern klären bevor öffentlichkeit ge…
64,elon glaube schnell mehr los
65,leider sekunde dachte elon musk mehr ceo twitter
66,12 oh neeein loudlycryingface mastodon blase platzt elonmusk twitter schon alleine 13 mal 1300 mehr follower a…
67,elon musk trojanische pferd wen interessiert schon verascht
68,elon musk hats ja wohl persönlich abgesehen shadowban sohab mit…
69,„the twitter files“ veröffentlichte elon musk interne dokumente belegen pharmariese pfizer der…
70,soft
71,ki wurden elon musk entwickelt wass wählen ja klar
72,„alle“ meinst elon musk
73,ach dafür elon musk plötzlich gut genug facewithtearsofjoyerst musk meckern protest mastodon…
74,elon musk rwe kaufen ruin treiben
75,eigentlich tasse drucken
76,elon musk twitter egal
77,„boring as fuck“ elon musk lehnt einladung davos ab via musk d…
78,mal anschauen elon twitter vorhaben könnteund warum cz twitter investiert
79,leute hingehen schon vergangenen 10 jahre lust schule hat…
80,illusion plattformen halten tun zumindest yes i‘m looking at you elon deutsche gesetze
81,bro cdu hocken kriminelle gleich elon musk mars fliegen rückflug besten
82,rapper hirez bringt perfekt punktokhandlightskintonetwitter bevor elon musk übernahm
83,rapper hirez bringt perfekt punktokhandlightskintonetwitter bevor elon musk übernahm
84,twitter plözlich neuen startbildschirm begrüßt beste twitter ever verspricht ganz elon moin
85,just kidding elon verlangt seit zeit funktionen geld…
86,elon bildformat angepasst sagen verschlechtert chillig
87,elon musks kahlschlag twitters abfindungsangebote landen spamordner via
88,rapper hirez bringt perfekt punktokhandlightskintonetwitter bevor elon musk übernahm
89,lol sehe erst follower haha danke elon naja sehen halt viele trot…
90,rapper hirez bringt perfekt punktokhandlightskintonetwitter bevor elon musk übernahm
91,mehr meinungsfreiheit entmachtung linksgrünwoken mainstream eliten getan me…
92,„boring as fuck“ elon musk lehnt einladung davos ab via musk d…
93,rapper hirez bringt perfekt punktokhandlightskintonetwitter bevor elon musk übernahm
94,rapper hirez bringt perfekt punktokhandlightskintonetwitter bevor elon musk übernahm
95,plötzlich stoppte elektroauto offenbar grundlos sieben autos fuhren
96,rapper hirez bringt perfekt punktokhandlightskintonetwitter bevor elon musk übernahm
97,elon musk erst geschafft fehlversuchen raumkapsel senkrecht landen zu…
98,rapper hirez bringt perfekt punktokhandlightskintonetwitter bevor elon musk übernahm
99,freiheitskämpfern tesla gibt art geheimdienst whistleblower deutsc…
100,warum sehe schlösser fast elon musk twitter besser gemacht thinkingface
101,twitter dank elon musk gänzlich shithole taylor greene entsperren lassen bereits 2017 bekundete re…
102,elon musk feuerte gesamte team twitter brasilienbrazil einschließlich moderation inhalten zuständig…
103,hass welt schleudern trotz elon musk einfacher verzweifelten hetzer sehe…
104,elon eh bald chips hirn einbauen steuert gedankeny
105,autorin tara grimm geht nächste runde elon musk twitterfiles 13 pfizer twitter nutzte debat…
106,liebe meldemuschis schon oft überprüft worden aufgehört zählenversucht do…
107,elon musk verschwörungsmythen fördert
108,musst onkel elon fragen weiß gut
109,elon musk völlig unironisch naziwehrmachtsmemes postet woche desinformation v…
110,tweet verkehrsminister wissing foto elon musk zeigt erschreckende weise wissing weder desinf…
111,tweet verkehrsminister wissing foto elon musk zeigt erschreckende weise wissing weder desinf…
112,weiß warum elon musk macht held egal oft genug sagen…
113,danke elon musk foldedhandsein riesiger skandal weltweitdanke darauf hinweisen amp aufkläre…
114,autorin tara grimm geht nächste runde elon musk twitterfiles 13 pfizer twitter nutzte debat…
115,twitter simple app features angeht seitdem elon einfach dabei kommen viele unnötige sachen da…
116,rapper hirez bringt perfekt punktokhandlightskintonetwitter bevor elon musk übernahm
117,autorin tara grimm geht nächste runde elon musk twitterfiles 13 pfizer twitter nutzte debat…
118,starlinkterminal iran elon musks weltallinternet iranischen aktivisten hilft
119,elon musk feuerte gesamte team twitter brasilienbrazil einschließlich moderation inhalten zuständig…
120,autorin tara grimm geht nächste runde elon musk twitterfiles 13 pfizer twitter nutzte debat…
121,„boring as fuck“ elon musk lehnt einladung davos ab via
122,elon musk rwe kaufen ruin treiben
123,elon musk feuerte gesamte team twitter brasilienbrazil einschließlich moderation inhalten zuständig…
124,rapper hirez bringt perfekt punktokhandlightskintonetwitter bevor elon musk übernahm
125,gästeliste enthält hochkarätige namen viele staats regierungschefs reisen wichtigen g7lände…
126,autorin tara grimm geht nächste runde elon musk twitterfiles 13 pfizer twitter nutzte debat…
127,elon musk enthüllt russland putin keinerlei uswahlen bedeutende rolle gespielt glaubt…
128,rapper hirez bringt perfekt punktokhandlightskintonetwitter bevor elon musk übernahm
129,rapper hirez bringt perfekt punktokhandlightskintonetwitter bevor elon musk übernahm
130,danke elon musk foldedhandsein riesiger skandal weltweitdanke darauf hinweisen amp aufkläre…
131,elon musk rwe kaufen ruin treiben
132,elon musk rwe kaufen ruin treiben
133,freiheitskämpfern tesla gibt art geheimdienst whistleblower deutsc…
134,twitterchef trifft bundesminister zuletzt sorgte elon musks erratische art verwirrung ärger musk nicht…
135,elon musk tornado brazil elon musk feuerte gesamte team twitter brasilien einschließlich moderation von…
136,elon musk feuerte gesamte team twitter brasilienbrazil einschließlich moderation inhalten zuständig…
137,klimawandel deutschland dagegen tut deutschl…
138,immer glauben elon musk tatsächlich zwei transfrauen verboten bild küssen al…
139,autorin tara grimm geht nächste runde elon musk twitterfiles 13 pfizer twitter nutzte debat…
140,grund elon musk republikanern kontrolliertes haus2023 rotes pillenspektakel
141,lust davosmusk findet wef «boring as fuck» «weil absolut langweilig klingt»der einflussreichste ceo de…
142,elon musk fdppp
143,494krgnz1q19x3jf6lohuv36nimn7fmqz8xm9xbzvcxz
144,elon musk veröffentlichten twitterfiles handfester skandal erkennt ganz zuverlässig daran…
145,gläubiger faschisten anschließen elon musk is gläubig thumbsupfoldedhands
146,elon musk feuerte gesamte team twitter brasilienbrazil einschließlich moderation inhalten zuständig…
147,immer glauben elon musk tatsächlich zwei transfrauen verboten bild zu…
148,elon musk veröffentlichten twitterfiles handfester skandal erkennt ganz zuverlässig daran…
149,elon musk veröffentlichten twitterfiles handfester skandal erkennt ganz zuverlässig daran…
150,hätte elon ja schon gekillt
151,autorin tara grimm geht nächste runde elon musk twitterfiles 13 pfizer twitter nutzte debat…
152,elon gibt arbeit winkingface
153,rupert murdoch amp elon musk
154,mindestens schlimm bild mensch mehr
155,hasse
156,elon musk feuerte gesamte team twitter brasilienbrazil einschließlich moderation inhalten zuständig…
157,film operation mekong
158,black lagoon gibts verzahrer golden triangle
159,schau jetze immer folge herrn baal ja öfter eben undank elon twitter ganz automatisch…
160,vielen darm
161,the bird is freedseit elon musk maior domus twitters erleben debattenniveau weite neue vital…
162,lust davosmusk findet wef «boring as fuck» «weil absolut langweilig klingt»der einflussreichste ceo de…
163,gsucoin elon elonmusk dydx vvv
164,elon musk feuerte gesamte team twitter brasilienbrazil einschließlich moderation inhalten zuständig…
165,links ünsal arik rechts atilla hildmann
166,erst ab fachgebundene darunter coolen jungs
167,qualifizierender hauptschulabschluss
168,user usertreffen fragen
169,just moment sex typen ronald mcdonald verkleidet…
170,sofort ab geburt sparbuch dafür öffnen führerschein tochter sparen
171,lasvegasloop elon musks boringcompany mitgefahren eher unterwältigendes erlebnis vi…
172,finde begrüßenswert herr endanwender eros
173,tw rr niemals verlassen sowas social media seiten tweeten e…
174,hasse verficktes leben
175,lasvegasloop elon musks boringcompany mitgefahren eher unterwältigendes erlebnis…
176,meinung initiative anti abitur intimus ms e
177,wurde heute rr ibbenbüren abgestochen letzte worte grown ass manfeed my family
178,elon musk feuerte gesamte team twitter brasilien einschließlich moderation inhalten zuständig…
179,deutsche elon musk heißt frank thelen
180,elon musk enthüllt russland putin keinerlei uswahlen bedeutende rolle gespielt glaubt…
181,leibe adepten initiativkreises anti abitur ms elon exalumnus berufsschuleinrichtung gewesen…
182,79fbdb07f75845898be207b531608259
183,danke elon musk foldedhandsein riesiger skandal weltweitdanke darauf hinweisen amp aufkläre…
184,song warum erfahre erst davon
185,wieso zoomer aggressiv hätte jemand müsli gekackt bekommt richtig angst
186,lieblingsessen bratwurst wochenmarkt metzger
187,isst ja currywurst
188,nie gesehen schrägstrich gehört
189,rr normal ruhrpott
190,elon musk mond schießen hunderttausende kilo…
191,lieber elon musk wieso löschen einfach trollaccounts 6 followern fast v…
192,neue user folgen
193,wahr elon musk zieht agenda
194,schonmal flüssiger „erdkern“ alter… glaube vielleicht brauchen ja e…
195,scholz jedenfalls soledar kommt unterstützung leopard2s etwa sechs m…
196,2wgxtj7cglm3jzmgshh4op2zk9harwupfcp2ogkzkhyg
197,elon musk enthüllt russland putin keinerlei uswahlen bedeutende rolle gespielt glaubt…
198,elon musk twitterfiles punkt angekommen impfung covid gute i…
199,bild twitter jugendfreier inhalt angepriesen wurde elon mu…
200,jedesmal bild sehe verkürzt lebensdauer 2 stunden
201,scheint funktioniert mache lachgettriebe gerade kaputt
202,musst vorstellen saß abgedunkelten kinderzimmer gedach…
203,schwöre mensch erstellt besessen
204,wohl net mehr gesperrt danke elon
205,ja wasser sweatdroplets dient anschauen mal interview erwähnt wäre verschw…
206,nee elon musk offenbar schweigen bringen
207,ruf gerade lach husten
208,gerne mal hören
209,schon behinderter lachen wegen bild kredo geschlachtet
210,3 mal flasche gerubbelt plötzlich flasche gekommen
211,hallo miteinanderich danach 11monatigem her nachdem twitter leider lage meine…
212,elon musk blockiert tue fuer grimes
213,bruder behindersten diskussion video berufsschule
214,wäh eklige alter pfui papas ganzer stolz eeeehm dings hast link
215,wurde raw doggy genommen davon existiert sogar video
216,warum fick folge automatisch immer irgendwelchen hässlichen werbekampagnen twitter fick elon musk hasse mann
217,elon musk feuerte gesamte team twitter brasilienbrazil einschließlich moderation inhalten zuständig…
218,rr weiss mnche std sag€n wollt€k0nnte allein€ unterricht vorantreiben mute
219,elon musk feuerte gesamte team twitter brasilienbrazil einschließlich moderation inhalten zuständig…
220,sehe glöckner notre dame
221,englisch absolute katastrophe konnte schon 5 klasse besser englisch klasse laughe
222,renne scheiß feds bock leben käfiguserin hängen interessiert immer wenig
223,elon musk rwe kaufen ruin treiben
224,berufsschule gibt klassenunterschiede bonzenkinder asozialen satansbraten solange…
225,buchstaben fach deutsch
226,glaube ramstein viele stützpunkte primäre problem obe…
227,berufsschule fachinformatik besteht rt mathestoff 7 klasse realschule lernt 70 schü…
228,elon musk feuerte gesamte team twitter brasilienbrazil einschließlich moderation inhalten z…
229,hehe ja gut
230,nein ernst
231,stichelst wäre ende klinge
232,tesla community gefeiert tesla eben neu warum darf…
233,berufsschule schon brutal lustig haha
234,glaube aufs wort
235,junge view anzeige tweets vorhin kurz warum elon komm ring hund
236,schwöre berufsschule beste zeit tag wusste brutale lachkicks jemand…
237,glaube mal selbe mach unfollows elon
238,„boring as fuck“ elon musk lehnt einladung davos ab via musk d…
239,vibe
240,elon musk hoch whistleblowers linksgrünewoke journalie schäumt wut
241,warum
242,haue tischkante frontallappen
243,elon musk rwe kaufen ruin treiben
244,einzige verbrechen ccp je begangen mann verbieten mma weibou lehren er…
245,schau jetze immer folge herrn baal ja öfter eben undank elon twitter ganz automatisch seltsam
246,sagzaghsagh guckst bra
247,video
248,tesla kennt sieht berlin elon bullshit gelaber
249,österreichische politiker süchtig p2w mobil games ostasiaten
250,twitter akten bildwas führung elon musk vorschein gekommen sensati…
251,ja kannst nix elon musk grund boden stoßen abe…
252,elon musks kahlschlag twitters abfindungsangebote landen spamordner via elonmusk riptwitter
253,sprichst tiefster seeledrum müssen trotz elon murks bleiben amp dagegen halten…
254,sprichst tiefster seeledrum müssen trotz elon murks bleiben amp dage…
255,„boring as fuck“ elon musk lehnt einladung davos ab via musk d…
256,glaubst net ernst kompetente polizeibeamte habn
257,elon halt schön fest armen größter diamant nie verloren gehen darf
258,freu schön zoomer österreich parlament diäten genshin impact…
259,staat moment verloren hausdurchsuchungen richtern gab recht sprachenwa…
260,immer schon skeptisch rebellisch strom schwimmend gewesendiesmal dürfte mirun…
261,wann ahja chillig nie
262,elon gestern neuesten informationen rausgelassen denen gerne möchte s…
263,elon musk rwe kaufen ruin treiben
264,einfach bobby san
265,einerseits … thinkingface … andererseits 48 milliarden € wahrscheinlich twitter kaufen moneymouthface elo…
266,typ locken
267,satansbraten
268,elon musk hats ja wohl persönlich abgesehen shadowban sohab jet…
269,woher dietrich triaden typ fürs musikvideo gefunden skull
270,unpopuläre meinung elon musk killed woke
271,elon musk rwe kaufen ruin treiben
272,4x8fz1qgjbg1q4adpkwuazmpabmcgb37sactjnnwmjrq
273,twitter elon musk schimpfenwarum verschwindet hierantwort sch…
274,anzeige raus wenns klingelt sek elon
275,lange mehr elon musk gehört lebt
276,„boring as fuck“ elon musk lehnt einladung davos ab via musk d…
277,habt mitbekommen elon musk las vegas tunnelsystem gebaut tesla kreis fahren übera…
278,the bird is freedseit elon musk maior domus twitters erleben debattenniveau weite neue vital…
279,twitter akten bildwas führung elon musk vorschein gekommen sensati…
280,interessant 12 3 große ki markt bestimmen es…
281,twitter akten bildwas führung elon musk vorschein gekommen sensati…
282,dafür 100k verdienst besser 3 jahre 600€ geknechtet dan…
283,twitter akten bildwas führung elon musk vorschein gekommen sensati…
284,sicher teslakonkurrenz china gepusht elon hats verdient irgen…
285,warte animes mehr weekly geben vergesse
286,erste folge
287,nee folgen raus
288,hast vinland saga s2 schon angefangen
289,han song gefunden schon geliked
290,elon musk rwe kaufen ruin treiben
291,elon musk tornado brazil elon musk feuerte gesamte team twitter brasilien einschließlich moderation von…
292,heute seit gefühlten drölfzig jahren mal gute alte tweetdeck genutzt fühlt gut jet…
293,elon musk enthüllt russland putin keinerlei uswahlen bedeutende rolle gespielt gla…
294,herzlichen glückwunsch kriegsverherrlichung modegrinningfacewithsweatrollingonthefloorlaughingfacewithtearsofjoy mach trend tw…
295,autorin tara grimm geht nächste runde elon musk twitterfiles 13 pfizer twitter nutzte debat…
296,track heftig
297,elon musk tornado brazil elon musk feuerte gesamte team twitter brasilien einschließlich moderation von…
298,schwulen hässlichen freunden geht
299,lyrische rennt
300,text kommt gefährlich dabei vorstellt dietrich 160kg gewogen recordet h…
301,followerpowerbruckniederoesterreichtierheimbesitzer gesucht 51 hundebitte retweeten wien umg…
302,elon musk rwe kaufen ruin treiben
303,mailanbieter hielten mitteilungen phishingattacken entlassene twitterangestellte endlich det…
304,„boring as fuck“ elon musk lehnt einladung davos ab via musk d…
305,schluckt twitter schon zweiten mal letztes getipptes wort elon
306,finanziert dates frau
307,wozu braucht bauerntrottel
308,glaube frau sex unterschiedlichen männern kenn gut a…
309,elon musk rwe kaufen ruin treiben
310,elon musk hasst redefreiheit
311,boar elon… sieh bilder originalformat angezeigt werdenfacewithrollingeyes
312,elon musk tornado brazil elon musk feuerte gesamte team twitter brasilien einschließlich moderation von…
313,jungliberalen sören finnjannik julius elonmuskfanclub düsseldorfbenrath mal edgy take raus…
314,elon musk fans liewen offensichtlech enger parallelwelt et keng zich metroen ginn
315,autorin tara grimm geht nächste runde elon musk twitterfiles 13 pfizer twitter nutzte debat…
316,kommst drauf
317,vermute mal elon lässt umfrage sonderlich beeindrucken
318,meinst
319,autorin tara grimm geht nächste runde elon musk twitterfiles 13 pfizer twitter nutzte debat…
320,elon musk tornado brazil elon musk feuerte gesamte team twitter brasilien einschließlich moderation von…
321,privater elon musk wäre ideales opfer selbstverständlich m…
322,autorin tara grimm geht nächste runde elon musk twitterfiles 13 pfizer twitter nutzte debat…
323,haberrrrrrr
324,jungliberalen sören finnjannik julius elonmuskfanclub düsseldorfbenrath mal edgy take raus…
325,mailanbieter hielten mitteilungen phishingattacken entlassene twitterangestellte endlich det…
326,freiheitskämpfern tesla gibt art geheimdienst whistleblower deutsc…
327,mag thema ja halten umfrage gar statistische aus…
328,danke elon musk foldedhandsein riesiger skandal weltweitdanke darauf hinweisen amp aufkläre…
329,autorin tara grimm geht nächste runde elon musk twitterfiles 13 pfizer twitter nutzte debat…
330,elon musk lässt nächste twitterbombe platzen covidpandemie beugten twitterche…
331,hc straches dorf clash of clans angegriffen trackt österreichische polizei ip aufenthaltsst…
332,schwindelig
333,elon musks las vegas tesla loop ambient lights ganzen shit sieht einfach lit
334,nein elon mal getrolltder wurd wohl gepostet
335,absolutweirdscheinbar wurd gepostet account gesehe…
336,max kurz elon angerufen
337,dorf österreicher angegriffen schaut immigrationsbehörde genau de…
338,i almost went bankrupt elon musk shorts via seid mal den…
339,elon musk fan gründe warum ziemlich zukunftsfeld bea…
340,elon musk rwe kaufen ruin treiben
341,elon musks bluthunde deutschlandeines sicher tesla kommt nie haus
342,the bird is freedseit elon musk maior domus twitters erleben debattenniveau weite neue vital…
343,elon musk rwe kaufen ruin treiben
344,fickt hart österreichische politiker hc strache sebastian kurz lieber mobile spielen un…
345,lust davosmusk findet wef «boring as fuck» «weil absolut langweilig klingt»der einflussreichste ceo de…
346,twitter akten bildwas führung elon musk vorschein gekommen sensati…
347,elon musk rwe kaufen ruin treiben
348,schlecht letztens geträumt persönliche assistent elon musk versu…
349,elon musk rwe kaufen ruin treiben
350,elon musk rwe kaufen ruin treiben
351,world economic forum 2023 wer davos kommt wer fehlt – elon musk wef hält
352,schön legga waschbecken
353,rr leben zerstört
354,nimm konzept twitter hau hammer drauf okay elon okay
355,habt mitbekommen elon musk las vegas tunnelsystem gebaut tesla kreis fahren übera…
356,„boring as fuck“ elon musk lehnt einladung davos ab via musk d…
357,elon musk rwe kaufen ruin treiben
358,elon hätte sohn vornamen ffp2 geben sollen
359,such eigene userin enzin
360,elon musk rwe kaufen ruin treiben
361,„boring as fuck“ elon musk lehnt einladung davos ab via musk d…
362,ganz ehrlich morgen russe tür steht grenze ver…
363,obdachloser onkel nen euro gebt
364,elon musk twitter anrichtet via
365,elon musk rwe kaufen ruin treiben
366,wowda mache positiven tweetwird einfach gesendetund habs kopiertuf…
367,elon musk rwe kaufen ruin treiben
368,elon musk
369,„boring as fuck“ elon musk lehnt einladung davos ab via musk d…
370,elon bitte orf übernehmen
371,freiheitskämpfern tesla gibt art geheimdienst whistleblower deutsc…
372,laufen kopflos herum versuchen meinungsvielfalt unter…
373,duisburg marxloh lernt grundschulen multiplikation erst wann ne ak47 auseinander zusammenbaut
374,da…
375,10cent geschuldet schaffen
376,autorin tara grimm geht nächste runde elon musk twitterfiles 13 pfizer twitter nutzte debat…
377,wahrscheinlich 10€ spende bekommen user
378,lebt genauso zuvor wieso ne weinerliche heulsuse geworden
379,duisburg marxloh gibt schon grundschulen raucherecken
380,elon musk rwe kaufen ruin treiben
381,bernie bro flex
382,„boring as fuck“ elon musk lehnt einladung davos ab via
383,elon musk rwe kaufen ruin treiben
384,wehe elon musk jemanden anstellen aktiv firmen geheimnisse whistleblower schützt……
385,elon musk rwe kaufen ruin treiben
386,läuft gerade sooo elon musk tesla aktionäre grinningsquintingface
387,daher immer zuerst blocken mehr blocken elon geändert
388,elon musk offenbar dabei personshrugging
389,elon musk tornado brazil elon musk feuerte gesamte team twitter brasilien einschließlich moderation von…
390,alberto 90 abdrücken tweets
391,elon gehts garnicht gut
392,mama echtea
393,„boring as fuck“ elon musk lehnt einladung davos ab via musk d…
394,sogar täglich tja elon oft »shadowbannen« raisedfistlightskintone
395,zuerst
396,jungliberalen sören finnjannik julius elonmuskfanclub düsseldorfbenrath mal edgy take raus…
397,glaube fler deutsche ye
398,„boring as fuck“ elon musk lehnt einladung davos ab via musk d…
399,elon enttäuscht
400,nehmen elon temperatur neue jahr startet spannend twitterdrama «guinnessbuch w…
401,elon diplomatisch bleiben bock befehle alternden psychopathen e…
402,89190ba3dfb64bfaa7ff149f7c0898a2
403,rr erklärung rufe nachts leute atme ohr
404,autorin tara grimm geht nächste runde elon musk twitterfiles 13 pfizer twitter nutzte debat…
405,autorin tara grimm geht nächste runde elon musk twitterfiles 13 pfizer twitter nutzte debat…
406,„boring as fuck“ elon musk lehnt einladung davos ab via musk davos
407,rr rogal dorn
408,doku elon musk gerade zdf info läuft wann finde info außer ab…
409,autorin tara grimm geht nächste runde elon musk twitterfiles 13 pfizer twitter nutzte debat…
410,jungliberalen sören finnjannik julius elonmuskfanclub düsseldorfbenrath mal edgy take raus…
411,elon musk tornado brazil elon musk feuerte gesamte team twitter brasilien einschließlich moderation von…
412,kannst mal paar tage volkslehrer twittern
413,vielleicht elon mal namen meldemuschis veröffentlichenhatten ja schon mal geschichte
414,besser wäre honk wegzuhdarf überhaupt sagen kommt elon fans verteidigen
415,5 euro schlaucher
416,läuft gerade sooo elon musk tesla aktionäre grinningsquintingface
417,elon muskdoku vater grausam schulkameraden verprügelten deshalb wurde sfnerd heute
418,„boring as fuck“ elon musk lehnt einladung davos ab via
419,elon musk fdp
420,bestimmt seit 2 monaten gelacht gucke bild seit 10 minuten lacjen lig…
421,freiheitskämpfern tesla gibt art geheimdienst whistleblower deutsc…
422,elon damaliger account wegen bild dauerhaft gesperrt worden mal schauen pa…
423,elon muskist eser vorbei
424,ja schon alter hase schon twitter elon gehört indexpointinguplightskintone
425,schlafparalysedämon
426,boring as fuck elon musk lehnt einladung davos ab philosophia perennis
427,danke elon musk foldedhandsein riesiger skandal weltweitdanke darauf hinweisen amp aufkläre…
428,warum zahlt elon portokassewas pleitedann halt gatestax the rich
429,musst nen subtweet
430,elon twitter rentabel bekommt zumindest kleinen rahmen schule
431,elon musk verspricht spacex starship ende märz all schicken
432,elon musk feuerte gesamte team twitter brasilien einschließlich moderation inhalten zuständig…
433,rr otto bismarck eig
434,elon musk gleich tv heute 20152100 zdf info the true story of elon musk
435,läuft gerade sooo elon musk tesla aktionäre grinningsquintingface
436,elon musk ganze kohle verschenken…ich davon nix smirkingface
437,elon musk spricht klartext fast verschwörungstheorie leute twitter wahr herausgeste…
438,passiert ner stunde berufsschulen getweetet glaub rr superkräfte
439,zufällig el zocko
440,elon musk tornado brazil elon musk feuerte gesamte team twitter brasilien einschließlich moderation von…
441,irgendwie mag winkingfaceelon musk gesamte team twitter brasilien entlassen einschließlich die…
442,lieber elon muskbitte ewigen zustimmbutton thumbsuprollingonthefloorlaughingflushedfacebackhandindexpointingleftseenoevilmonkeyfacevomitingogrethumbsdowntoilet erweiternder vielfalt wegenbitte dankefullmoonfacethumbsup
443,liegt primär daran twitter total überlastet seit elon massig alte accs wied…
444,elon mag eher fuckten winkingfacemit herkömmlichen fakten problem
445,„starlink satelliten elon musk ukraine gerettet haben“ — manager magazinelonmusk satellit
446,lina
447,irgendwie mag winkingfaceelon musk gesamte team twitter brasilien entlassen einschließlich die…
448,zufall glaube
449,fakten immer wissen elon sowas mag
450,elon musk tornado brazil elon musk feuerte gesamte team twitter brasilien einschließlich moderation von…
451,elon musk verschwörungsmythen fördert
452,brutal hässlich nichtmal anziehen geld elon musk hätte
453,unternehmergenie werk twitter abwicklung kündigungen externen dienstleis…
454,freiheitskämpfern tesla gibt art geheimdienst whistleblower deutsc…
455,autorin tara grimm geht nächste runde elon musk twitterfiles 13 pfizer twitter nutzte debat…
456,versuche geschichte kinder reichwerden schreiben braucht ja fabelwes…
457,bros spielen packs weiß früh spätschichtall tenten ot lungen rauch m…
458,freiheitskämpfern tesla gibt art geheimdienst whistleblower deutsc…
459,gästeliste enthält hochkarätige namen viele staats regierungschefs reisen wichtigen g7lände…
460,freiheitskämpfern tesla gibt art geheimdienst whistleblower deutsc…
461,danke konstruktives gespräch san francisco haltung klar selbstverpflichtung plattform…
462,usa geheimdienst davos2023
463,42 42 dietrich gang gang
464,kinder brennenden kinderheim retten nachdem feuer person gelegt w…
465,twitterisgoinggreatnach elon musks kahlschlag twitters abfindungsangebote landen spamordner via
466,freiheitskämpfern tesla gibt art geheimdienst whistleblower deutsc…
467,dachte salvia divinorum erfahrung wäre heftig hört geisteskrank
468,erinnert
469,wefdavos2023keine russen chinesenkein spitzenpolitiker brics staaten niemand bedeutung aus…
470,twitter akten bildwas führung elon musk vorschein gekommen sensati…
471,elon musk tornado brazil elon musk feuerte gesamte team twitter brasilien einschließlich moderation von…
472,unbekannte flugobjekte werfen fragen spur führt elon musk
473,unbekannte flugobjekte werfen fragen spur führt elon musk
474,elon musk tornado brazil elon musk feuerte gesamte team twitter brasilien einschließlich moderation von…
475,dietrich
476,läuft gerade sooo elon musk tesla aktionäre grinningsquintingface
477,elon musk feuerte gesamte team twitter brasilien einschließlich moderation inhalten zuständig…
478,world economic forum 2022 wer davos kommt wer fehlt – elon musk wef hält
479,elon musk entließ gesamte team twitter brasilien einschließlich derjenigen moderation von…
480,höchstens erst party hingehen frau allein spaß weil…
481,„boring as fuck“ elon musk lehnt einladung davos ab via
482,wahrscheinlich hören elon musk
483,dietrich texte kommen krass fett wäre muskulös dünn wäre musik absolut irrelevant
484,falls wer interesse … heute abend 2015 uhr zdfinfo 09012025 mediathek…
485,elon monkk androide apple linksextrem
486,beschwer elon blockier vorher schwer ja schaffe
487,geht veröffentlicht elon bald all tweet drafts dagegen bisherigen enthüllungen kindergartenkram
488,läuft gerade sooo elon musk tesla aktionäre grinningsquintingface
489,wohl 2023 heissen
490,burgerladen
491,elon musk tornado brazil elon musk feuerte gesamte team twitter brasilien einschließlich moderation von…
492,meinst burgerladen
493,jungliberalen sören finnjannik julius elonmuskfanclub düsseldorfbenrath mal edgy take raus…
494,sterben kinder ärzten kommt empfehlung impfenwacht endlich
495,habt mitbekommen elon musk las vegas tunnelsystem gebaut tesla kreis fahren übera…
496,elon musk tornado brazil elon musk feuerte gesamte team twitter brasilien einschließlich moderation von…
497,jungliberalen sören finnjannik julius elonmuskfanclub düsseldorfbenrath mal edgy take raus…
498,elon musk feuerte gesamte team twitter brasilien einschließlich moderation inhalten zuständig…
499,gelesen
500,heftigen dosen ketamin abfedern
